-- phpMyAdmin SQL Dump
-- version 4.0.10deb1
-- http://www.phpmyadmin.net
--
-- Host: localhost
-- Generation Time: Oct 26, 2017 at 10:40 AM
-- Server version: 5.5.58-0ubuntu0.14.04.1
-- PHP Version: 5.5.9-1ubuntu4.22


SET SQL_MODE = "NO_AUTO_VALUE_ON_ZERO";
START TRANSACTION;
SET time_zone = "+00:00";

/*!40101 SET @OLD_CHARACTER_SET_CLIENT=@@CHARACTER_SET_CLIENT */;
/*!40101 SET @OLD_CHARACTER_SET_RESULTS=@@CHARACTER_SET_RESULTS */;
/*!40101 SET @OLD_COLLATION_CONNECTION=@@COLLATION_CONNECTION */;
/*!40101 SET NAMES utf8mb4 */;

--
-- Datenbank: `allgolddb`
--

-- --------------------------------------------------------

--
-- Tabellenstruktur für Tabelle `inventory`
--

CREATE TABLE IF NOT EXISTS `inventory` (
  `inventoryID` int(11) NOT NULL,
  `stationID` int(10) NOT NULL,
  `productID` int(10) NOT NULL,
  `currentAmount` int(3) NOT NULL,
  `plannedAmount` int(3) NOT NULL
) ENGINE=InnoDB DEFAULT CHARSET=utf8mb4;

--
-- Daten für Tabelle `inventory`
--

INSERT INTO `inventory` (`inventoryID`, `stationID`, `productID`, `currentAmount`, `plannedAmount`) VALUES
(1, 1, 1, 30, 50),
(2, 1, 2, 30, 50),
(3, 1, 3, 20, 30),
(4, 1, 4, 45, 50),
(5, 1, 5, 20, 50),
(6, 1, 6, 25, 30),
(7, 1, 7, 15, 50),
(8, 1, 8, 25, 30),
(9, 2, 1, 50, 50),
(10, 2, 2, 50, 50),
(11, 2, 3, 30, 30),
(12, 2, 4, 50, 50),
(13, 2, 5, 50, 50),
(14, 2, 6, 30, 30),
(15, 2, 7, 50, 50),
(16, 2, 8, 30, 30),
(17, 3, 1, 50, 50),
(18, 3, 2, 50, 50),
(19, 3, 3, 50, 50),
(20, 3, 4, 50, 50),
(21, 3, 5, 50, 50),
(22, 3, 6, 50, 50),
(23, 3, 7, 50, 50),
(24, 3, 8, 50, 50),
(25, 4, 1, 50, 50),
(26, 4, 2, 50, 50),
(27, 4, 3, 50, 50),
(28, 4, 4, 50, 50),
(29, 4, 5, 50, 50),
(30, 4, 6, 50, 50),
(31, 4, 7, 50, 50),
(32, 4, 8, 50, 50),
(33, 5, 1, 50, 50),
(34, 5, 2, 50, 50),
(35, 5, 3, 50, 50),
(36, 5, 4, 50, 50),
(37, 5, 5, 50, 50),
(38, 5, 6, 50, 50),
(39, 5, 7, 50, 50),
(40, 5, 8, 50, 50),
(41, 6, 1, 50, 50),
(42, 6, 2, 50, 50),
(43, 6, 3, 50, 50),
(44, 6, 4, 50, 50),
(45, 6, 5, 50, 50),
(46, 6, 6, 50, 50),
(47, 6, 7, 50, 50),
(48, 6, 8, 50, 50),
(49, 7, 1, 50, 50),
(50, 7, 2, 50, 50),
(51, 7, 3, 50, 50),
(52, 7, 4, 50, 50),
(53, 7, 5, 50, 50),
(54, 7, 6, 50, 50),
(55, 7, 7, 50, 50),
(56, 7, 8, 50, 50),
(57, 8, 1, 50, 50),
(58, 8, 2, 50, 50),
(59, 8, 3, 50, 50),
(60, 8, 4, 50, 50),
(61, 8, 5, 50, 50),
(62, 8, 6, 50, 50),
(63, 8, 7, 50, 50),
(64, 8, 8, 50, 50),
(65, 9, 1, 50, 50),
(66, 9, 2, 50, 50),
(67, 9, 3, 50, 50),
(68, 9, 4, 50, 50),
(69, 9, 5, 50, 50),
(70, 9, 6, 50, 50),
(71, 9, 7, 50, 50),
(72, 9, 8, 50, 50),
(73, 10, 1, 50, 50),
(74, 10, 2, 50, 50),
(75, 10, 3, 50, 50),
(76, 10, 4, 50, 50),
(77, 10, 5, 50, 50),
(78, 10, 6, 50, 50),
(79, 10, 7, 50, 50),
(80, 10, 8, 50, 50),
(81, 11, 1, 50, 50),
(82, 11, 2, 50, 50),
(83, 11, 3, 50, 50),
(84, 11, 4, 50, 50),
(85, 11, 5, 50, 50),
(86, 11, 6, 50, 50),
(87, 11, 7, 50, 50),
(88, 11, 8, 50, 50),
(89, 12, 1, 50, 50),
(90, 12, 2, 50, 50),
(91, 12, 3, 50, 50),
(92, 12, 4, 50, 50),
(93, 12, 5, 50, 50),
(94, 12, 6, 50, 50),
(95, 12, 7, 50, 50),
(96, 12, 8, 50, 50);

-- --------------------------------------------------------

--
-- Tabellenstruktur für Tabelle `products`
--

CREATE TABLE `products` (
  `productID` int(11) NOT NULL,
  `name` varchar(20) NOT NULL,
  `price` decimal(3,2) NOT NULL,
  `durability` int(11) NOT NULL
) ENGINE=InnoDB DEFAULT CHARSET=latin1;

--
-- Daten für Tabelle `products`
--

INSERT INTO `products` (`productID`, `name`, `price`, `durability`) VALUES
(1, 'Milch', '1.00', 14),
(2, 'Emmentaler', '3.95', 60),
(3, 'Gauda', '3.10', 60),
(4, 'Joghurt 100g', '0.50', 7),
(5, 'Quark', '0.90', 10),
(6, 'Joghurt 500g', '2.00', 7),
(7, 'Streichkaese', '1.50', 21),
(8, 'Bergkaese', '5.00', 60);

-- --------------------------------------------------------

--
-- Tabellenstruktur für Tabelle `machine_sellers`
--

CREATE TABLE `machine_sellers` (
  `machine_id` int(10) NOT NULL,
  `modell` text COLLATE utf8_german2_ci NOT NULL,
  `location` varchar(30) COLLATE utf8_german2_ci NOT NULL,
  `firstDay` date NOT NULL,
  `status` varchar(30) COLLATE utf8_german2_ci NOT NULL
) ENGINE=InnoDB DEFAULT CHARSET=utf8 COLLATE=utf8_german2_ci;

--
-- Daten für Tabelle `machine_sellers`
--

INSERT INTO `machine_sellers` (`machine_id`, `modell`, `location`, `firstDay`, `status`) VALUES
(1, 'X2010', 'Kempten-HS', '2017-10-01', 'aktiv'),
(2, 'A2018', 'Kempten', '2018-03-01', 'aktiv'),
(3, 'X2018', 'Memmingen', '2018-03-01', 'aktiv'),
(4, 'A2018', 'Isny', '2018-03-02', 'aktiv'),
(5, 'A2018', 'Marktoberdorf', '2018-03-05', 'aktiv'),
(6, 'A2018', 'Oberstdorf', '2018-03-06', 'aktiv'),
(7, 'A2018', 'Oberstaufen', '2018-03-06', 'aktiv'),
(8, 'A2018', 'Immenstadt', '2018-03-06', 'aktiv'),
(9, 'X2018', 'Fuessen', '2018-03-05', 'aktiv'),
(10, 'X2018', 'Lindau', '2018-03-02', 'aktiv');

-- --------------------------------------------------------

--
-- Tabellenstruktur für Tabelle `refill`
--

CREATE TABLE `refill` (
  `refillID` int(11) NOT NULL,
  `suplier` int(10) NOT NULL,
  `stationID` int(10) NOT NULL,
  `productID` int(10) NOT NULL,
  `amount` int(3) NOT NULL,
  `timestamp` timestamp NOT NULL DEFAULT current_timestamp() ON UPDATE current_timestamp()
) ENGINE=InnoDB DEFAULT CHARSET=utf8mb4;

--
-- Daten für Tabelle `refill`
--

INSERT INTO `refill` (`refillID`, `suplier`, `stationID`, `productID`, `amount`, `timestamp`) VALUES
(1, 1, 1, 1, 10, '2020-06-01 03:30:00'),
(2, 1, 1, 2, 5, '2020-06-01 05:30:00'),
(3, 1, 1, 3, 5, '2020-06-01 05:30:00'),
(4, 1, 1, 4, 5, '2020-06-01 05:30:00'),
(5, 1, 1, 5, 5, '2020-06-01 05:30:00'),
(6, 1, 1, 6, 5, '2020-06-01 05:30:00'),
(7, 1, 1, 7, 5, '2020-06-01 05:30:00'),
(8, 1, 1, 8, 5, '2020-06-01 05:30:00'),
(9, 1, 2, 1, 5, '2020-06-01 05:30:00'),
(10, 1, 2, 2, 5, '2020-06-01 05:30:00'),
(11, 1, 2, 3, 5, '2020-06-01 05:30:00'),
(12, 1, 2, 4, 5, '2020-06-01 05:30:00'),
(13, 1, 2, 5, 5, '2020-06-01 05:30:00'),
(14, 1, 2, 6, 5, '2020-06-01 05:30:00'),
(15, 1, 2, 7, 5, '2020-06-01 05:30:00'),
(16, 1, 2, 8, 5, '2020-06-01 05:30:00'),
(17, 1, 3, 1, 5, '2020-06-01 05:30:00'),
(18, 1, 3, 2, 5, '2020-06-01 05:30:00'),
(19, 1, 3, 3, 5, '2020-06-01 05:30:00'),
(20, 1, 3, 4, 5, '2020-06-01 05:30:00'),
(21, 1, 3, 5, 5, '2020-06-01 05:30:00'),
(22, 1, 3, 6, 5, '2020-06-01 05:30:00'),
(23, 1, 3, 7, 5, '2020-06-01 05:30:00'),
(24, 1, 3, 8, 5, '2020-06-01 05:30:00'),
(25, 1, 4, 1, 5, '2020-06-01 05:30:00'),
(26, 1, 4, 2, 5, '2020-06-01 05:30:00'),
(27, 1, 4, 3, 5, '2020-06-01 05:30:00'),
(28, 1, 4, 4, 5, '2020-06-01 05:30:00'),
(29, 1, 4, 5, 5, '2020-06-01 05:30:00'),
(30, 1, 4, 6, 5, '2020-06-01 05:30:00'),
(31, 1, 4, 7, 5, '2020-06-01 05:30:00'),
(32, 1, 4, 8, 5, '2020-06-01 05:30:00'),
(33, 1, 5, 1, 5, '2020-06-01 05:30:00'),
(34, 1, 5, 2, 5, '2020-06-01 05:30:00'),
(35, 1, 5, 3, 5, '2020-06-01 05:30:00'),
(36, 1, 5, 4, 5, '2020-06-01 05:30:00'),
(37, 1, 5, 5, 5, '2020-06-01 05:30:00'),
(38, 1, 5, 6, 5, '2020-06-01 05:30:00'),
(39, 1, 5, 7, 5, '2020-06-01 05:30:00'),
(40, 1, 5, 8, 5, '2020-06-01 05:30:00'),
(41, 1, 6, 1, 5, '2020-06-01 05:30:00'),
(42, 1, 6, 2, 5, '2020-06-01 05:30:00'),
(43, 1, 6, 3, 5, '2020-06-01 05:30:00'),
(44, 1, 6, 4, 5, '2020-06-01 05:30:00'),
(45, 1, 6, 5, 5, '2020-06-01 05:30:00'),
(46, 1, 6, 6, 5, '2020-06-01 05:30:00'),
(47, 1, 6, 7, 5, '2020-06-01 05:30:00'),
(48, 1, 6, 8, 5, '2020-06-01 05:30:00'),
(49, 1, 7, 1, 5, '2020-06-01 05:30:00'),
(50, 1, 7, 2, 5, '2020-06-01 05:30:00'),
(51, 1, 7, 3, 5, '2020-06-01 05:30:00'),
(52, 1, 7, 4, 5, '2020-06-01 05:30:00'),
(53, 1, 7, 5, 5, '2020-06-01 05:30:00'),
(54, 1, 7, 6, 5, '2020-06-01 05:30:00'),
(55, 1, 7, 7, 5, '2020-06-01 05:30:00'),
(56, 1, 7, 8, 5, '2020-06-01 05:30:00'),
(57, 1, 8, 1, 5, '2020-06-01 05:30:00'),
(58, 1, 8, 2, 5, '2020-06-01 05:30:00'),
(59, 1, 8, 3, 5, '2020-06-01 05:30:00'),
(60, 1, 8, 4, 5, '2020-06-01 05:30:00'),
(61, 1, 8, 5, 5, '2020-06-01 05:30:00'),
(62, 1, 8, 6, 5, '2020-06-01 05:30:00'),
(63, 1, 8, 7, 5, '2020-06-01 05:30:00'),
(64, 1, 8, 8, 5, '2020-06-01 05:30:00'),
(65, 1, 9, 1, 5, '2020-06-01 05:30:00'),
(66, 1, 9, 2, 5, '2020-06-01 05:30:00'),
(67, 1, 9, 3, 5, '2020-06-01 05:30:00'),
(68, 1, 9, 4, 5, '2020-06-01 05:30:00'),
(69, 1, 9, 5, 5, '2020-06-01 05:30:00'),
(70, 1, 9, 6, 5, '2020-06-01 05:30:00'),
(71, 1, 9, 7, 5, '2020-06-01 05:30:00'),
(72, 1, 9, 8, 5, '2020-06-01 05:30:00'),
(73, 1, 10, 1, 5, '2020-06-01 05:30:00'),
(74, 1, 10, 2, 5, '2020-06-01 05:30:00'),
(75, 1, 10, 3, 5, '2020-06-01 05:30:00'),
(76, 1, 10, 4, 5, '2020-06-01 05:30:00'),
(77, 1, 10, 5, 5, '2020-06-01 05:30:00'),
(78, 1, 10, 6, 5, '2020-06-01 05:30:00'),
(79, 1, 10, 7, 5, '2020-06-01 05:30:00'),
(80, 1, 10, 8, 5, '2020-06-01 05:30:00'),
(81, 1, 11, 1, 5, '2020-06-01 05:30:00'),
(82, 1, 11, 2, 5, '2020-06-01 05:30:00'),
(83, 1, 11, 3, 5, '2020-06-01 05:30:00'),
(84, 1, 11, 4, 5, '2020-06-01 05:30:00'),
(85, 1, 11, 5, 5, '2020-06-01 05:30:00'),
(86, 1, 11, 6, 5, '2020-06-01 05:30:00'),
(87, 1, 11, 7, 5, '2020-06-01 05:30:00'),
(88, 1, 11, 8, 5, '2020-06-01 05:30:00'),
(89, 1, 12, 1, 5, '2020-06-01 05:30:00'),
(90, 1, 12, 2, 5, '2020-06-01 05:30:00'),
(91, 1, 12, 3, 5, '2020-06-01 05:30:00'),
(92, 1, 12, 4, 5, '2020-06-01 05:30:00'),
(93, 1, 12, 5, 5, '2020-06-01 05:30:00'),
(94, 1, 12, 6, 5, '2020-06-01 05:30:00'),
(95, 1, 12, 7, 5, '2020-06-01 05:30:00'),
(96, 1, 12, 8, 5, '2020-06-01 05:30:00');

-- --------------------------------------------------------

--
-- Tabellenstruktur für Tabelle `sales`
--

CREATE TABLE `sales` (
  `salesID` int(11) NOT NULL,
  `stationID` int(10) NOT NULL,
  `productID` int(10) NOT NULL,
  `sellerID` int(10) NOT NULL,
  `amount` int(3) NOT NULL,
  `timestamp` timestamp NOT NULL DEFAULT current_timestamp() ON UPDATE current_timestamp()
) ENGINE=InnoDB DEFAULT CHARSET=utf8mb4;

--
-- Daten für Tabelle `sales`
--

INSERT INTO `sales` (`salesID`, `stationID`, `productID`, `sellerID`, `amount`, `timestamp`) VALUES
(1, 1, 1, 1, 5, '2021-01-01 06:30:00'),
(2, 1, 2, 1, 5, '2021-01-01 06:30:00'),
(3, 1, 3, 1, 5, '2021-01-01 06:30:00'),
(4, 1, 4, 1, 5, '2021-01-01 06:30:00'),
(5, 1, 5, 1, 5, '2021-01-01 06:30:00'),
(6, 1, 6, 1, 5, '2021-01-01 06:30:00'),
(7, 1, 7, 1, 5, '2021-01-01 06:30:00'),
(8, 1, 8, 1, 5, '2021-01-01 06:30:00'),
(9, 2, 1, 1, 5, '2021-01-01 06:30:00'),
(10, 2, 2, 1, 5, '2021-01-01 06:30:00'),
(11, 2, 3, 1, 5, '2021-01-01 06:30:00'),
(12, 2, 4, 1, 5, '2021-01-01 06:30:00'),
(13, 2, 5, 1, 5, '2021-01-01 06:30:00'),
(14, 2, 6, 1, 5, '2021-01-01 06:30:00'),
(15, 2, 7, 1, 5, '2021-01-01 06:30:00'),
(16, 2, 8, 1, 5, '2021-01-01 06:30:00'),
(17, 3, 1, 1, 5, '2021-01-01 06:30:00'),
(18, 3, 2, 1, 5, '2021-01-01 06:30:00'),
(19, 3, 3, 1, 5, '2021-01-01 06:30:00'),
(20, 3, 4, 1, 5, '2021-01-01 06:30:00'),
(21, 3, 5, 1, 5, '2021-01-01 06:30:00'),
(22, 3, 6, 1, 5, '2021-01-01 06:30:00'),
(23, 3, 7, 1, 5, '2021-01-01 06:30:00'),
(24, 3, 8, 1, 5, '2021-01-01 06:30:00'),
(25, 4, 1, 1, 5, '2021-01-01 06:30:00'),
(26, 4, 2, 1, 5, '2021-01-01 06:30:00'),
(27, 4, 3, 1, 5, '2021-01-01 06:30:00'),
(28, 4, 4, 1, 5, '2021-01-01 06:30:00'),
(29, 4, 5, 1, 5, '2021-01-01 06:30:00'),
(30, 4, 6, 1, 5, '2021-01-01 06:30:00'),
(31, 4, 7, 1, 5, '2021-01-01 06:30:00'),
(32, 4, 8, 1, 5, '2021-01-01 06:30:00'),
(33, 5, 1, 1, 5, '2021-01-01 06:30:00'),
(34, 5, 2, 1, 5, '2021-01-01 06:30:00'),
(35, 5, 3, 1, 5, '2021-01-01 06:30:00'),
(36, 5, 4, 1, 5, '2021-01-01 06:30:00'),
(37, 5, 5, 1, 5, '2021-01-01 06:30:00'),
(38, 5, 6, 1, 5, '2021-01-01 06:30:00'),
(39, 5, 7, 1, 5, '2021-01-01 06:30:00'),
(40, 5, 8, 1, 5, '2021-01-01 06:30:00'),
(41, 6, 1, 1, 5, '2021-01-01 06:30:00'),
(42, 6, 2, 1, 5, '2021-01-01 06:30:00'),
(43, 6, 3, 1, 5, '2021-01-01 06:30:00'),
(44, 6, 4, 1, 5, '2021-01-01 06:30:00'),
(45, 6, 5, 1, 5, '2021-01-01 06:30:00'),
(46, 6, 6, 1, 5, '2021-01-01 06:30:00'),
(47, 6, 7, 1, 5, '2021-01-01 06:30:00'),
(48, 6, 8, 1, 5, '2021-01-01 06:30:00'),
(49, 7, 1, 1, 5, '2021-01-01 06:30:00'),
(50, 7, 2, 1, 5, '2021-01-01 06:30:00'),
(51, 7, 3, 1, 5, '2021-01-01 06:30:00'),
(52, 7, 4, 1, 5, '2021-01-01 06:30:00'),
(53, 7, 5, 1, 5, '2021-01-01 06:30:00'),
(54, 7, 6, 1, 5, '2021-01-01 06:30:00'),
(55, 7, 7, 1, 5, '2021-01-01 06:30:00'),
(56, 7, 8, 1, 5, '2021-01-01 06:30:00'),
(57, 8, 1, 1, 5, '2021-01-01 06:30:00'),
(58, 8, 2, 1, 5, '2021-01-01 06:30:00'),
(59, 8, 3, 1, 5, '2021-01-01 06:30:00'),
(60, 8, 4, 1, 5, '2021-01-01 06:30:00'),
(61, 8, 5, 1, 5, '2021-01-01 06:30:00'),
(62, 8, 6, 1, 5, '2021-01-01 06:30:00'),
(63, 8, 7, 1, 5, '2021-01-01 06:30:00'),
(64, 8, 8, 1, 5, '2021-01-01 06:30:00'),
(65, 9, 1, 1, 5, '2021-01-01 06:30:00'),
(66, 9, 2, 1, 5, '2021-01-01 06:30:00'),
(67, 9, 3, 1, 5, '2021-01-01 06:30:00'),
(68, 9, 4, 1, 5, '2021-01-01 06:30:00'),
(69, 9, 5, 1, 5, '2021-01-01 06:30:00'),
(70, 9, 6, 1, 5, '2021-01-01 06:30:00'),
(71, 9, 7, 1, 5, '2021-01-01 06:30:00'),
(72, 9, 8, 1, 5, '2021-01-01 06:30:00'),
(73, 10, 1, 1, 5, '2021-01-01 06:30:00'),
(74, 10, 2, 1, 5, '2021-01-01 06:30:00'),
(75, 10, 3, 1, 5, '2021-01-01 06:30:00'),
(76, 10, 4, 1, 5, '2021-01-01 06:30:00'),
(77, 10, 5, 1, 5, '2021-01-01 06:30:00'),
(78, 10, 6, 1, 5, '2021-01-01 06:30:00'),
(79, 10, 7, 1, 5, '2021-01-01 06:30:00'),
(80, 10, 8, 1, 5, '2021-01-01 06:30:00'),
(81, 11, 1, 1, 5, '2021-01-01 06:30:00'),
(82, 11, 2, 1, 5, '2021-01-01 06:30:00'),
(83, 11, 3, 1, 5, '2021-01-01 06:30:00'),
(84, 11, 4, 1, 5, '2021-01-01 06:30:00'),
(85, 11, 5, 1, 5, '2021-01-01 06:30:00'),
(86, 11, 6, 1, 5, '2021-01-01 06:30:00'),
(87, 11, 7, 1, 5, '2021-01-01 06:30:00'),
(88, 11, 8, 1, 5, '2021-01-01 06:30:00'),
(89, 12, 1, 1, 5, '2021-01-01 06:30:00'),
(90, 12, 2, 1, 5, '2021-01-01 06:30:00'),
(91, 12, 3, 1, 5, '2021-01-01 06:30:00'),
(92, 12, 4, 1, 5, '2021-01-01 06:30:00'),
(93, 12, 5, 1, 5, '2021-01-01 06:30:00'),
(94, 12, 6, 1, 5, '2021-01-01 06:30:00'),
(95, 12, 7, 1, 5, '2021-01-01 06:30:00'),
(96, 12, 8, 1, 5, '2021-01-01 06:30:00');
-- -------------------------------------------------------

--
-- Tabellenstruktur für Tabelle `seller`
--

CREATE TABLE `seller` (
  `sellerID` int(10) NOT NULL,
  `type` int(1) NOT NULL,
  `humanmachineID` int(10) NOT NULL
) ENGINE=InnoDB DEFAULT CHARSET=utf8mb4;

--
-- Daten für Tabelle `seller`
--

INSERT INTO `seller` (`sellerID`, `type`, `humanmachineID`) VALUES
(1, 1, 1),
(2, 2, 2),
(3, 1, 3),
(4, 2, 4),
(5, 1, 5);

-- --------------------------------------------------------

--
-- Tabellenstruktur für Tabelle `station`
--

CREATE TABLE `station` (
  `stationID` int(10) NOT NULL,
  `coordsA` varchar(30) NOT NULL,
  `coordsL` varchar(30) NOT NULL,
  `location` varchar(30) NOT NULL,
  `type` varchar(1) NOT NULL,
  `description` varchar(50) NOT NULL,
) ENGINE=InnoDB  DEFAULT CHARSET=latin1;

--
-- Daten für Tabelle `station`
--

INSERT INTO `station` (`stationID`, `coordsA`, `coordsL`, `location`, `type`, `description`) VALUES
(1, '47.71457225467146', '10.314338207244873', 'Kempten', 'B', 'Firmensitz'),
(2, '47.72426740349347', '10.316848754882812', 'Kempten', 'A', 'Außenstelle'),
(3, '47.882828716292344', '10.6264343852617', 'Kaufbeuren', 'V', 'Außenstelle'),
(4, '47.98036221803081', '10.1788330078125', 'Memmingen', 'B', 'Außenstelle'),
(5, '47.694697038966076', '10.038070678710938', 'Isny', 'A', 'Außenstelle'),
(6, '47.77941861197757', '10.616891384124756', 'Marktoberdorf', 'A', 'Außenstelle'),
(7, '47.514634612973694', '10.26755619153846', 'Sonthofen', 'V', 'Außenstelle'),
(8, '47.41029678060909', '10.275293827580754', 'Oberstdorf', 'A', 'Außenstelle'),
(9, '47.554643912647045', '10.022393703984562', 'Oberstaufen', 'A', 'Außenstelle'),
(10, '47.560841627466885', '10.21770143561298', 'Immenstadt', 'A', 'Außenstelle'),
(11, '47.569648', '10.700432800000044', 'Füssen', 'B', 'Außenstelle'),
(12, '47.550241351721596', '9.69220304476039', 'Lindau', 'B', 'Außenstelle');

--
-- Indizes der exportierten Tabellen
--

--
-- Indizes für die Tabelle `inventory`
--
ALTER TABLE `inventory`
  ADD PRIMARY KEY (`inventoryID`);

--
-- Indizes für die Tabelle `products`
--
ALTER TABLE `products`
  ADD PRIMARY KEY (`productID`);

--
-- Indizes für die Tabelle `machine_seller`
--
ALTER TABLE `machine_sellers`
  ADD PRIMARY KEY (`machine_id`);

--
-- Indizes für die Tabelle `refill`
--
ALTER TABLE `refill`
  ADD PRIMARY KEY (`refillID`);

--
-- Indizes für die Tabelle `sales`
--
ALTER TABLE `sales`
  ADD PRIMARY KEY (`salesID`);

--
-- Indizes für die Tabelle `seller`
--
ALTER TABLE `seller`
  ADD PRIMARY KEY (`sellerID`);

--
-- Indizes für die Tabelle `station`
--
ALTER TABLE `station`
  ADD PRIMARY KEY (`stationID`);

--
-- AUTO_INCREMENT für exportierte Tabellen
--

--
-- AUTO_INCREMENT für Tabelle `inventory`
--
ALTER TABLE `inventory`
  MODIFY `inventoryID` int(11) NOT NULL AUTO_INCREMENT, AUTO_INCREMENT=97;

--
-- AUTO_INCREMENT für Tabelle `products`
--
ALTER TABLE `products`
  MODIFY `productID` int(11) NOT NULL AUTO_INCREMENT, AUTO_INCREMENT=9;

--
-- AUTO_INCREMENT für Tabelle `machine_sellers`
--
ALTER TABLE `machine_sellers`
  MODIFY `machine_id` int(10) NOT NULL AUTO_INCREMENT, AUTO_INCREMENT=15;

--
-- AUTO_INCREMENT für Tabelle `refill`
--
ALTER TABLE `refill`
  MODIFY `refillID` int(11) NOT NULL AUTO_INCREMENT, AUTO_INCREMENT=97;

--
-- AUTO_INCREMENT für Tabelle `sales`
--
ALTER TABLE `sales`
  MODIFY `salesID` int(11) NOT NULL AUTO_INCREMENT, AUTO_INCREMENT=97;

--
-- AUTO_INCREMENT für Tabelle `seller`
--
ALTER TABLE `seller`
  MODIFY `sellerID` int(10) NOT NULL AUTO_INCREMENT, AUTO_INCREMENT=6;

--
-- AUTO_INCREMENT für Tabelle `station`
--
ALTER TABLE `station`
  MODIFY `stationID` int(10) NOT NULL AUTO_INCREMENT, AUTO_INCREMENT=13;
COMMIT;

/*!40101 SET CHARACTER_SET_CLIENT=@OLD_CHARACTER_SET_CLIENT */;
/*!40101 SET CHARACTER_SET_RESULTS=@OLD_CHARACTER_SET_RESULTS */;
/*!40101 SET COLLATION_CONNECTION=@OLD_COLLATION_CONNECTION */;